{
  "project_info": {
    "project_number": "77063602192",
    "project_id": "motivateu-app",
    "storage_bucket": "motivateu-app.appspot.com"
  },
  "client": [
    {
      "client_info": {
        "mobilesdk_app_id": "1:77063602192:android:f4a4ff5adf537610978a95",
        "android_client_info": {
          "package_name": "com.motivateu.edutech"
        }
      },
      "oauth_client": [],
      "api_key": [
        {
          "current_key": "AIzaSyAZItHt3RvcQ9zXYN7T9diLtpD9fZ09AP8"
        }
      ],
      "services": {
        "appinvite_service": {
          "other_platform_oauth_client": []
        }
      }
    }
  ],
  "configuration_version": "1"
}